file	layer	source	sketch id
shootTheSun	shootTheSun	WoCG-2.2.sketch, page "Assets 2.0"	7AC15DDA-44E9-43D7-99C7-F240E0EEDF8C
shootTheMoon	shootTheMoon	WoCG-2.2.sketch, page "Assets 2.0"	7098CE92-CFC4-40CC-9DC5-A0009EE98BC4
gameOverHeader	gameOverHeader	WoCG-2.2.sketch, page "Assets 2.0"	25CED0A7-CB86-47F0-BEED-CD1F3C50C0E4
slam	slam	WoCG-2.2.sketch, page "Assets 2.0"	31786194-2F49-4044-A42A-FE8F30759E6C
handOverHeader	handOverHeader	WoCG-2.2.sketch, page "Assets 2.0"	8E4705A3-AEAB-42FC-93EE-CF42638141FD
4	4	WoCG-2.2.sketch, page "Assets 2.0"	D45EC308-F05E-4985-B3B6-7E5299234DF4
3	3	WoCG-2.2.sketch, page "Assets 2.0"	4C094888-E5F7-4B56-AEEF-D0E3B5A38386
2	2	WoCG-2.2.sketch, page "Assets 2.0"	BBFD9BBD-D28B-4C3E-BC4B-55930148C497
1	1	WoCG-2.2.sketch, page "Assets 2.0"	B3FEB545-805F-4F22-903C-C256AEE278C9
sortArrowLeft	sortArrowLeft	WoCG-2.2.sketch, page "Assets 2.0"	FCE9531C-DF3D-4661-A4CF-16A5C1CBFBAB
playerMore	playerMore	WoCG-2.2.sketch, page "Assets 2.0"	AA45E225-DF7D-4B04-971C-6D89DCD05CE9
sortArrowRight	sortArrowRight	WoCG-2.2.sketch, page "Assets 2.0"	9A14257B-807B-4929-BAEA-3DF1D3B84A32
hintArrowRight	hintArrowRight	WoCG-2.2.sketch, page "Assets 2.0"	DB2897C0-1399-4BB1-B5B7-0646AEC3D6FB
hintArrowLeft	hintArrowLeft	WoCG-2.2.sketch, page "Assets 2.0"	4615743B-F6D5-444B-95A9-636E963A9D1D
hintArrowLeft~2	hintArrowLeft	WoCG-2.2.sketch, page "Assets 2.0"	BF80EBCD-CF0E-4B12-9C28-71C7E786763E
hintArrowUp	hintArrowUp	WoCG-2.2.sketch, page "Assets 2.0"	6D08C7CE-D46A-42E2-8BE7-33C8F41F4068
hintArrowDown	hintArrowDown	WoCG-2.2.sketch, page "Assets 2.0"	857B6186-BF67-46E4-9C03-4EC9807D69F8
friendsSearch	friendsSearch	WoCG-2.2.sketch, page "Assets 2.0"	68DF7147-7CA6-476C-91C9-284F944B38B9
friendsClose	friendsClose	WoCG-2.2.sketch, page "Assets 2.0"	B8B5376C-4DC6-416C-95E7-906CE7098A43
friendsListChat	friendsListChat	WoCG-2.2.sketch, page "Assets 2.0"	FBCBD5F8-3E55-4F2C-8F3B-5DFB885BE745
menuClose	menuClose	WoCG-2.2.sketch, page "Assets 2.0"	06AC1D0E-8E15-4119-B921-248D7C2E1AA4
menuBurger	menuBurger	WoCG-2.2.sketch, page "Assets 2.0"	1A5D5EA1-BA07-41A9-BC17-BC6956CCD6E9
menuActivity	menuActivity	WoCG-2.2.sketch, page "Assets 2.0"	348D83A3-8625-4756-9B4D-2BD33ABB7C48
menuActivityHover	menuActivityHover	WoCG-2.2.sketch, page "Assets 2.0"	D2A150A7-B971-43A4-A491-52778F0422F7
menuActivityNotification	menuActivityNotification	WoCG-2.2.sketch, page "Assets 2.0"	49A13CCF-CC32-41A1-A912-AB876347BC8B
menuActivityNotificationHover	menuActivityNotificationHover	WoCG-2.2.sketch, page "Assets 2.0"	38D1AC1A-0333-4452-BCF9-552BF07AF3EE
menuFriendsNotification	menuFriendsNotification	WoCG-2.2.sketch, page "Assets 2.0"	887B1B32-728E-4AD9-B744-C014E6FF6B4D
menuFriendsNotificationHover	menuFriendsNotificationHover	WoCG-2.2.sketch, page "Assets 2.0"	44A7D460-A04E-4066-AFA6-593E3E1D1056
playerLeaving	playerLeaving	WoCG-2.2.sketch, page "Assets 2.0"	421F785A-0D0D-4A44-8440-99621E2FB8E3
playerLiked	playerLiked	WoCG-2.2.sketch, page "Assets 2.0"	8586A362-B86C-41C0-AABA-B00D0F4BA7D7
crown	crown	WoCG-2.2.sketch, page "Assets 2.0"	DB0E6580-0C00-45E4-86D9-6A4E43B5D21F
countChip	countChip	WoCG-2.2.sketch, page "Assets 2.0"	0909A83B-6259-48C3-A8AB-586FF3CC842D
dealer	dealer	WoCG-2.2.sketch, page "Assets 2.0"	31065EDC-DEDA-4D98-8119-07F38B54D72C
dealerSmall	dealerSmall	WoCG-2.2.sketch, page "Assets 2.0"	F503B423-DBAE-4C21-AFD2-9B130DCA776E
frameBLLL	frameBLLL	WoCG-2.2.sketch, page "Assets 2.0"	17B15DDB-F231-4578-AAAE-B20FD286FF9D
frameTL	frameTL	WoCG-2.2.sketch, page "Assets 2.0"	502F6FFC-2FB6-466B-9EFB-DF006F2EC980
frameTR	frameTR	WoCG-2.2.sketch, page "Assets 2.0"	336E8773-D906-4849-9925-3F51340F68A7
frameBR	frameBR	WoCG-2.2.sketch, page "Assets 2.0"	50D6AD00-561F-4E32-AEE9-DD94BE4E4C38
frameBLL	frameBLL	WoCG-2.2.sketch, page "Assets 2.0"	B3A9F444-55BE-48D2-AE1C-FE23A53CE77A
frameBL	frameBL	WoCG-2.2.sketch, page "Assets 2.0"	281EEFB3-7D5F-421F-AC77-B26C28B7A657
arrowDown	arrowDown	WoCG-2.2.sketch, page "Assets 2.0"	2F9EDC2E-A6EF-4F4E-8D5B-82E92B9C8D0F
suitDiamond	suitDiamond	WoCG-2.2.sketch, page "Assets 2.0"	4CF80BE0-4FEC-48CE-B73E-B4D8418B0590
suitHeart	suitHeart	WoCG-2.2.sketch, page "Assets 2.0"	56CA61A8-169F-4CFB-8932-F339626E4437
suitClub	suitClub	WoCG-2.2.sketch, page "Assets 2.0"	3E7239A9-BF14-4400-B0F0-791B8E2490BA
suitSpade	suitSpade	WoCG-2.2.sketch, page "Assets 2.0"	B9F66CF1-ADA4-4667-901A-EF99C301489D
playMenuHover	playMenuHover	WoCG-2.2.sketch, page "Assets 2.0"	A8C56C47-FF48-4EC8-A1BC-893F00DD2052
playMenu	playMenu	WoCG-2.2.sketch, page "Assets 2.0"	2DC359DA-03B6-4E34-8287-2AE0B411C089
profileMenuHover	profileMenuHover	WoCG-2.2.sketch, page "Assets 2.0"	207CD579-A5D8-47F2-A198-0B90E7EA4E02
profileMenu	profileMenu	WoCG-2.2.sketch, page "Assets 2.0"	D16C69AB-08A9-4EC3-A277-69A0E4AB7603
helpMenuHover	helpMenuHover	WoCG-2.2.sketch, page "Assets 2.0"	4FDCC318-5078-4BA7-89CD-CB31DA240BBD
helpMenu	helpMenu	WoCG-2.2.sketch, page "Assets 2.0"	7326F4AC-84C2-4FF5-8B46-3DA575C0A325
ranksMenuHover	ranksMenuHover	WoCG-2.2.sketch, page "Assets 2.0"	D1E80BC1-049A-4037-B0AD-2C85DB7B630F
rulesMenuHover	rulesMenuHover	WoCG-2.2.sketch, page "Assets 2.0"	B0673A7E-4039-4F91-A093-F31C657D0CF5
rulesMenu	rulesMenu	WoCG-2.2.sketch, page "Assets 2.0"	057398A4-650E-4B63-9311-914D3630F8FB
ranksMenu	ranksMenu	WoCG-2.2.sketch, page "Assets 2.0"	F2591A68-4274-419D-9295-38F1BF25ADC9
hintMenuHover	hintMenuHover	WoCG-2.2.sketch, page "Assets 2.0"	4E4898D2-6851-4509-8E65-A577C03FACA5
hintMenu	hintMenu	WoCG-2.2.sketch, page "Assets 2.0"	7EE312E9-3123-4133-98DC-DBB006B14E81
chatMenuHover	chatMenuHover	WoCG-2.2.sketch, page "Assets 2.0"	C4952A8B-549C-4140-AD29-ACF816F819EC
chatMenuActive	chatMenuActive	WoCG-2.2.sketch, page "Assets 2.0"	2C5C4A08-8177-4EB8-86CB-EC261A4D45ED
chatMenu	chatMenu	WoCG-2.2.sketch, page "Assets 2.0"	B22AA780-D4C5-4FB3-AF90-10171FECCEA6
pauseMenuActive	pauseMenuActive	WoCG-2.2.sketch, page "Assets 2.0"	4D4923AA-7939-40D9-B3EB-12EC0D5EB244
pauseMenuHover	pauseMenuHover	WoCG-2.2.sketch, page "Assets 2.0"	C7C3C04E-AB20-4ED1-AC85-2D235E054F47
pauseMenu	pauseMenu	WoCG-2.2.sketch, page "Assets 2.0"	C96DE245-A796-4699-8987-40174E2135F0
tableMenuHover	tableMenuHover	WoCG-2.2.sketch, page "Assets 2.0"	2CB13CEC-F727-465C-985D-E1DAF5E8E2D6
tableMenuActive	tableMenuActive	WoCG-2.2.sketch, page "Assets 2.0"	EC17A08C-455A-4882-9C46-F25C6FEFAC18
tableMenu	tableMenu	WoCG-2.2.sketch, page "Assets 2.0"	25FD491D-3A28-4EB8-873E-FCAB74CD2A8A
likedBadge	likedBadge	WoCG-2.2.sketch, page "Assets 2.0"	50BC0873-9082-4916-B192-6AF2DE5A7ED1
onlineBadge	onlineBadge	WoCG-2.2.sketch, page "Assets 2.0"	976F60C1-4536-4985-8778-14838FF71259
botBadge	botBadge	WoCG-2.2.sketch, page "Assets 2.0"	9E84E5AF-9CAD-44ED-980B-8D629B3A1BBE
highReputationBadge	highReputationBadge	WoCG-2.2.sketch, page "Assets 2.0"	137F79B1-DA31-4A64-845F-3E6448713671
highReputationBadge~2	highReputationBadge	WoCG-2.2.sketch, page "Assets 2.0"	599C539C-44BC-475A-9C73-C0739121DF0B
lowReputationBadge	lowReputationBadge	WoCG-2.2.sketch, page "Assets 2.0"	3B972851-4D42-4F17-A190-5BCA42663D54
cleanMeldBadge	cleanMeldBadge	WoCG-2.2.sketch, page "Assets 2.0"	3D7B007C-C1E9-49EC-91D0-AF95A7229519
dirtyMeldBadge	dirtyMeldBadge	WoCG-2.2.sketch, page "Assets 2.0"	A933EEF3-1E66-44E5-86BF-5B0D250E9B2A
gameOverStar	gameOverStar	WoCG-2.2.sketch, page "Assets 2.0"	9539FD93-4A85-4683-B568-29F398BB3381
closeModal	closeModal	WoCG-2.2.sketch, page "Assets 2.0"	E3F5D779-B516-4A5C-A39F-7364726C9576
menuFriends	menuFriends	WoCG-2.2.sketch, page "Assets 2.0"	940540D9-EB6C-4F79-8E25-93FAA7A96E84
menuFriendsHover	menuFriendsHover	WoCG-2.2.sketch, page "Assets 2.0"	0CF6A7A7-CCF2-427A-A8CA-97B7AC1AAABB
dailyChallengeGoldSmall	dailyChallengeGoldSmall	WoCG-2.2.sketch, page "Assets 2.0"	CF3404D6-4DEF-4080-815D-921437D3C8DC
dailyChallengeSilverSmall	dailyChallengeSilverSmall	WoCG-2.2.sketch, page "Assets 2.0"	56E6A411-6DDE-4E9D-9A89-B8E424AED325
dailyChallengeBronzeSmall	dailyChallengeBronzeSmall	WoCG-2.2.sketch, page "Assets 2.0"	62877F2A-26A6-453A-A774-52698C511574
grandSlam	grandSlam	WoCG-2.2.sketch, page "Assets"	82CBA1FD-F4C6-4997-9AC8-987E020CAC8D
smallSlam	smallSlam	WoCG-2.2.sketch, page "Assets"	0027CA76-3A80-4865-9CE2-D1BF19D21883
rubberWon	rubberWon	WoCG-2.2.sketch, page "Assets"	EB355B67-90FC-4098-A3F7-E79AA5DED762
8	8	WoCG-2.2.sketch, page "Assets"	7C6F1AA7-FE03-437E-B8E2-7CBCB4C8B2B3
7	7	WoCG-2.2.sketch, page "Assets"	599368D7-2D05-4459-836E-EA64A4AB0B7F
6	6	WoCG-2.2.sketch, page "Assets"	22AE1392-0BA6-46FC-ACBE-F4800372D4FB
5	5	WoCG-2.2.sketch, page "Assets"	A241BD50-162E-49B6-BDDB-6DBBF1B27178
5~2	5	WoCG-2.2.sketch, page "Assets"	D11BB71D-66CE-4306-B57C-FF5D5C7862BF
6~2	6	WoCG-2.2.sketch, page "Assets"	204A9AA6-F3CE-4EF6-9CBA-93AC30C80852
avatar_test_1	avatar_test_1	WoCG-2.2.sketch, page "Assets"	24C43778-EC2D-49A7-94D8-E870323E7C96
tableNextLobby	tableNextLobby	WoCG-2.2.sketch, page "Assets"	F2B79EC1-4C98-43DF-B68C-BB3056DDBE39
tableSend	tableSend	WoCG-2.2.sketch, page "Assets"	D1625BB5-4076-4E76-9F82-7B57AB4F7F67
tableInvite	tableInvite	WoCG-2.2.sketch, page "Assets"	D9836D46-F717-4465-884D-29855402D1D8
tableInviteSuccess	tableInviteSuccess	WoCG-2.2.sketch, page "Assets"	2FD64C8A-390F-42FE-AFD5-3AB0CC5C3EF6
tableResume	tableResume	WoCG-2.2.sketch, page "Assets"	8F6BB5BE-DCA0-45C3-8866-5B606D437F86
tablePause	tablePause	WoCG-2.2.sketch, page "Assets"	6B8A89DC-DA0D-4B3D-985E-61FEED76171D
tableTables	tableTables	WoCG-2.2.sketch, page "Assets"	C3E8FF23-95F2-4260-AB83-2A378D7D9212
tableRules	tableRules	WoCG-2.2.sketch, page "Assets"	2F224BB3-F4B3-4D33-99EC-573FF55EFFD9
tableLeave	tableLeave	WoCG-2.2.sketch, page "Assets"	9633D00E-3FB7-4EFE-BE5C-C5ECCFD9488B
tableChat	tableChat	WoCG-2.2.sketch, page "Assets"	C2319E89-D739-4355-8BD9-B624717581B2
tableLeaderboard	tableLeaderboard	WoCG-2.2.sketch, page "Assets"	7B6B3F17-092C-43FA-8754-7AFA85BF60D9
tableSettings	tableSettings	WoCG-2.2.sketch, page "Assets"	54799442-B662-41F3-AAE7-98EA6826BACA
tableHelp	tableHelp	WoCG-2.2.sketch, page "Assets"	4D6A0968-CE7E-477F-B0D0-67C2906A4DAD
tableInfo	tableInfo	WoCG-2.2.sketch, page "Assets"	078D4DC0-FBB9-4460-A26E-52A70A7E7D17
menuFriendsCountHover	menuFriendsCountHover	WoCG-2.2.sketch, page "Assets"	CAB933C3-9DA4-467C-85A7-5D4418141A60
suitChip	suitChip	WoCG-2.2.sketch, page "Assets"	217896A4-49BB-43CF-9066-6F50E7F55BF1
arrowDownOrange	arrowDownOrange	WoCG-2.2.sketch, page "Assets"	FDC72C1A-B83B-40C1-85C2-E499C90A0B36
arrowPlus	arrowPlus	WoCG-2.2.sketch, page "Assets"	5DC8BF30-1F9F-4D57-BD7C-2B803F511405
arrowMinus	arrowMinus	WoCG-2.2.sketch, page "Assets"	1C553765-0600-4E51-BADE-4B843C5426FD
arrowDownGreen	arrowDownGreen	WoCG-2.2.sketch, page "Assets"	6B7818E5-3470-493A-8BA0-54CF0FD8D4B8
arrowDownBig	arrowDownBig	WoCG-2.2.sketch, page "Assets"	2E048C18-ACB8-452F-B1DE-3E9A5E2C7AD4
checked-disabled	checked-disabled	WoCG-2.2.sketch, page "Assets"	ECA1F2F2-0A4B-4985-A2EF-E32383866FB1
unchecked-disabled	unchecked-disabled	WoCG-2.2.sketch, page "Assets"	33CAECAC-DEF0-4C1A-9375-5280DD509A2A
checked	checked	WoCG-2.2.sketch, page "Assets"	9290EB7B-EB57-476E-8B37-C6C690EBAD58
avatarEmpty	avatarEmpty	WoCG-2.2.sketch, page "Assets"	228A22C0-2D50-47CC-8B47-D81A395F8A3D
checkmarkDisabled	checkmarkDisabled	WoCG-2.2.sketch, page "Assets"	7B1911B8-AFC8-476C-8563-031E60DEBCB5
checkmark	checkmark	WoCG-2.2.sketch, page "Assets"	B71CCDAF-AE2B-4937-BF52-39A736FCE616
checked-disabled~2	checked-disabled	WoCG-2.2.sketch, page "Assets"	24606216-2E54-4841-8FCA-59CAA14731D6
unchecked-disabled~2	unchecked-disabled	WoCG-2.2.sketch, page "Assets"	46BD80E5-BA1C-4921-A464-3086D5B447EE
checked~2	checked	WoCG-2.2.sketch, page "Assets"	56169874-E9A8-45E2-979F-553358A7AD72
unchecked	unchecked	WoCG-2.2.sketch, page "Assets"	763A3B53-E707-4997-8473-8F76BDCD0C67
unchecked~2	unchecked	WoCG-2.2.sketch, page "Assets"	E71B8A6F-50E0-4F51-B27D-1AE7792EA121
settings	settings	WoCG-2.2.sketch, page "Assets"	A1A641DE-4FBE-4441-8725-65E69EFCDDA2
error	error	WoCG-2.2.sketch, page "Assets"	030D76A6-F92E-4ED2-BEA6-5F3EB9122307
error~2	error	WoCG-2.2.sketch, page "Assets"	CED9529B-E294-4989-8262-24F3CD330D54
cribbageBoard	cribbageBoard	WoCG-2.2.sketch, page "Assets"	22E33D86-FE02-4DAC-924B-896EBD5C65EF
cribbagePinRed	cribbagePinRed	WoCG-2.2.sketch, page "Assets"	98BBCD77-07C2-414D-9C39-67A536F79ED9
cribbagePinBlue	cribbagePinBlue	WoCG-2.2.sketch, page "Assets"	35995548-4E58-4E71-8309-BF17D268C86F
menuFriendsCount	menuFriendsCount	WoCG-2.2.sketch, page "Assets"	510D8242-11CB-460B-8B46-71766713D847
experiencedBadge	experiencedBadge	WoCG-2.1.sketch, page "Assets"	E64F472C-FB5D-4F92-B9BD-A27D503F49AC
